category,feature,description,image
safety,6 AIRBAGS,Safety never takes a backseat in the Virtus. Up to 6 airbags protect the car's occupants in the event of a critical incidence.,https://assets.volkswagen.com/is/image/volkswagenag/volkswagen-virtus-airbags?Zml0PWNyb3AsMSZmbXQ9d2VicCZxbHQ9Nzkmd2lkPTE2MDAmaGVpPTEyMDAmYWxpZ249MC4wMCwwLjAwJmJmYz1vZmYmMjRhZQ==
safety ,ELECTRONIC STABILITY CONTROL,"Open highways or tight city corners, the Virtus keeps a firm grip on the road with Electronic Stability Control",https://assets.volkswagen.com/is/image/volkswagenag/ESC-2?Zml0PWNyb3AsMSZmbXQ9d2VicCZxbHQ9Nzkmd2lkPTE1MDAmaGVpPTExMjUmYWxpZ249MC4wMCwwLjAwJmJmYz1vZmYmNjc1NQ==
safety,MULTI COLLISION BRAKES,"In the event of a collision, multi-collision brakes set into action to stop the vehicle and reduce additional damage",https://assets.volkswagen.com/is/image/volkswagenag/volkswagen-virtus-multi-collision-brakes?Zml0PWNyb3AsMSZmbXQ9d2VicCZxbHQ9Nzkmd2lkPTE2MDAmaGVpPTEyMDAmYWxpZ249MC4wMCwwLjAwJmJmYz1vZmYmMjRhZQ==
safety,SIGNATURE LED TAIL LAMPS,"Striking to look at, these signature LED tail lamps shine bright for those behind you.",https://assets.volkswagen.com/is/image/volkswagenag/virtus-taillamps?Zml0PWNyb3AsMSZmbXQ9d2VicCZxbHQ9Nzkmd2lkPTE2MDAmaGVpPTEyMDAmYWxpZ249MC4wMCwwLjAwJmJmYz1vZmYmMjRhZQ==
design,SHARP SHOULDER LINES,"Chiselled to perfection, its sharp shoulder lines exude sophistication and elegance effortlessly.",https://assets.volkswagen.com/is/image/volkswagenag/volkswagen-virtus-sharp-shoulder-line?Zml0PWNyb3AsMSZmbXQ9d2VicCZxbHQ9Nzkmd2lkPTE2MDAmaGVpPTEyMDAmYWxpZ249MC4wMCwwLjAwJmJmYz1vZmYmMjRhZQ==
design,SIGNATURE GRILL,"Sharp, striking and classy - the chrome grille give the Virtus a bold and distinctive look, while the window strip and door handles elevate its already impressive design.",https://assets.volkswagen.com/is/image/volkswagenag/virtus-led-headlamps-drls-new?Zml0PWNyb3AsMSZmbXQ9d2VicCZxbHQ9Nzkmd2lkPTE2MDAmaGVpPTEyMDAmYWxpZ249MC4wMCwwLjAwJmJmYz1vZmYmMjRhZQ==
design,SPACIOUS INTERIORS,"Sit back, stretch out, and relax in the Virtus’ spacious interiors. Interiors so comfortable, it will make you feel like home.",https://assets.volkswagen.com/is/image/volkswagenag/volkswagen-virtus-leather-seats?Zml0PWNyb3AsMSZmbXQ9d2VicCZxbHQ9Nzkmd2lkPTE2MDAmaGVpPTEyMDAmYWxpZ249MC4wMCwwLjAwJmJmYz1vZmYmMjRhZQ==
design,3 HEADRESTS AT REAR,Lean back and relax; the Virtus has you covered.,https://assets.volkswagen.com/is/image/volkswagenag/volkswagen-virtus-3-headrest?Zml0PWNyb3AsMSZmbXQ9d2VicCZxbHQ9Nzkmd2lkPTE2MDAmaGVpPTEyMDAmYWxpZ249MC4wMCwwLjAwJmJmYz1vZmYmMjRhZQ==
technology,LARGE TOUCH SCREEN INFOTAINMENT,The Virtus' infotainment system keeps you connected and entertained on-the-go.,https://assets.volkswagen.com/is/image/volkswagenag/volkswagen-virtus-touchscreen-infotainment?Zml0PWNyb3AsMSZmbXQ9d2VicCZxbHQ9Nzkmd2lkPTE2MDAmaGVpPTEyMDAmYWxpZ249MC4wMCwwLjAwJmJmYz1vZmYmMjRhZQ==
technology,WIRELESS MOBILE CHARGING,No phone charger? No problem. The Virtus comes standard with wireless mobile charging.,https://assets.volkswagen.com/is/image/volkswagenag/volkswagen-virtus-wireless-charging?Zml0PWNyb3AsMSZmbXQ9d2VicCZxbHQ9Nzkmd2lkPTE2MDAmaGVpPTEyMDAmYWxpZ249MC4wMCwwLjAwJmJmYz1vZmYmMjRhZQ==
technology,MY VOLKSWAGEN CONNECT,"
Your very own personal assistant, My Volkswagen Connect, puts the Virtus at your fingertips.",https://assets.volkswagen.com/is/image/volkswagenag/volkswagen-virtus-vw-connect-2-0-1?Zml0PWNyb3AsMSZmbXQ9d2VicCZxbHQ9Nzkmd2lkPTE2MDAmaGVpPTEyMDAmYWxpZ249MC4wMCwwLjAwJmJmYz1vZmYmMjRhZQ==
technology,CLIMATRONIC AC,"Whatever the weather, inside the Virtus, you decide the temperature.",https://assets.volkswagen.com/is/image/volkswagenag/volkswagen-virtus-ac?Zml0PWNyb3AsMSZmbXQ9d2VicCZxbHQ9Nzkmd2lkPTE2MDAmaGVpPTEyMDAmYWxpZ249MC4wMCwwLjAwJmJmYz1vZmYmMjRhZQ==
performance,TSI EVO ENGINE,he 1.5L TSI EVO is engineered to provide power on demand with maximum efficiency.,"data:image/jpeg;base64,/9j/4AAQSkZJRgABAQAAAQABAAD/2wCEAAoHCBUVFBgVFRUYGRgaHB0bHBobGxseGxsgGiIdGhsgJB0gJC0kGx0pIhoaJTclKS4wNDQ0GiM5PzkyPi0yNDABCwsLEA8QHRISHTIgIyAyMjIyMjIyMjIyMjIyMjIyMjIyMjIyMjIyMjIyMjIyMjIyMjIyMjIyMjIwMjIyMjIyMv/AABEIAKgBLAMBIgACEQEDEQH/xAAbAAACAwEBAQAAAAAAAAAAAAAEBQIDBgABB//EAEYQAAIABAMEBQkFBgQGAwAAAAECAAMRIQQSMQVBUWEicYGRoQYTMkJSscHR8BRTYpLhFSNygqLxM0PC0gcWY5OjslSD8v/EABgBAQEBAQEAAAAAAAAAAAAAAAEAAgQD/8QAHhEBAQEAAgMBAQEAAAAAAAAAAAERITECElFhA0H/2gAMAwEAAhEDEQA/AMTN2vKHrg9VT8PjAM7bqeqjN1kAeFTC8bPHExGZglGr066Rr0HssmbWmN6NF/hHx1gGY7VuSTzMWGWBYMT1D4xAyqboMWqhUxcFpY0Pbbv4QZsvBCY9DUKPSI1vuizauzzKmBQCV3Gm7rixaEGVmNwq9R/9QT74uVZQ0MxtxplUH3mkDYhcrkDSvvvEc5hiEs4ylUXKGpW5YmhqPqkDGscXPGPcnEEc9PfEnsr0hWlARWulK37I+gLsSSpoCm70VXfYXIuTe3MczHz4ID6wA7SfARopPlJkUKqKaChJX0rZTrUivL4RrxwVpBs6UPXr4DwH1WupUNIbPl+37/n9c7Fs1M8pi1vNKT/NTn/evziseUBpdF7C3yp3cTyo7BlawbOlj/MH12x79llCxrXnX3do7xpcrk18ox7Hifl9VPZJvKQAegCebH4DmT2xbFlap1lqtVUN3219/LW5tYAGTiw2WircZhYaaX4a++M9M8pJjCgCAa0Cm5pS5JvwgzHvMlBBKbOTmrYbipG/mdP7Wo2TGAtTKL13fryi9sQgFSFHXX5/XaYyP2nEE2IX8QpfugXGIQCzTSxFLZePPNBasafae3QqgS1Rmrp0jbfofrtj3Zu1ZTqPOKFbfcihtXVtOHjrWMQZldSfj7/qsWLNYWCdtDUwTyOPogfDNYTF/Mw5bz1/QIgXEPhkFQ4Y8Ax+uznyqMMMUBqniR4CkevilNslusjifj9bn2WNAm0lL0WWQtaZuly3/Wp5UIfFSU1PXQk/X1yjJKd404VFO7f3QdhZZbIT0QTrmFqa1BuNxtreL2WD5+1ZfqhacSxr3ZSPGEeMmZ3LClNwrBeJwqgkrRtPWvUgV5UrXsgSZICit924053jNumTEUksbAE3vQG1Yu+xuCM1VFbk7hvPOkRGGNB0lH5veARFU2UReoI4g1FeHXEkp00GyqFA0PrHrMcZ9hVQab+PXzgeseqCTaDStmCtwLa/QgrDPLIIcUqDQ8LW56wLMa68RQW5RxUcIZcGIkrwNeuDmkyxTMriormVla38NB3VgKkeGAonLzjqDj744x5SLEbvjMxyoCTxGneY9m7MmKemyIx0AcGp/iBIJ7YNxEkKtiPCAy7E5iACVJtTd2U3RqsxZisI6hJaLUsoJIINSSa0J7O6PTstwRnNOq5vzNhF2LwxADy26WpX4gjQxX9rmzAAVYEbwrV7xbwikzs3noXKEuUlKgDW+pPxMWYna4dVAK0oL79dDwMCYfYM+aGmLLdlWmZ29Fa6VrTugTFJMlgiYim+tqdlOQh3kYo2soLBga1F6ct/1wgFakgAXMXHGsKiijsg7YeBM+Zda7qCM27T07E4cSlUgdK1W1ueXIe8QpdiTUkkneYceUqebm+bXRAK9e+F/nRQVGlrWNCam+7uOsVyqBImpGU8aikFYhAoC+bYNS9cwINtxgOArpIJDXvlt3io7qxZhcE8yoQA0FaVFe7UmJ4HLXpHcaa69dDQ9docpgjlRkBowIJ3hlN63UizCmvXrTUg0rTCBei4IYmhPs7+N+34RS0gBQ9dSQB1Vp7o0mI2UgQFTVtTevCt9+o7xa9kn2I0S9VKkgihFq17YrBodHbcR1ECv6xaMWLZ5akjeBQ+FK9dREsRgChBFWGoIB+geUVsjGtVPcYiN+0STTpTR+EsKbqX3f30tCnEHQVvUk8OXxixsK49R/yn5QNM1gtRthcHlVWN2ahA3gNTL1kgg9oghZVGNRy+rROUobEIQTQ0I6qVFOwjuhjjJapNIOma/Uf0gJa+FFK6jqhZOYKzLQHKSLgX/vGjmS8jFTcGo6xyPx5QhxclkcKW6DEdI6UrevMb4ohGAwJnEkAURCzUFlC6k9UOdmeTLTmylkQU9YgVarDLzy5fEQgwePMppiB+i4ykjeDQkdVh3RZO2q7ZWzGzNX+ahB7Tm7oEb7X8kpsipItxGh6oUSiVNCPCH+w/K2Yn7uZR0Oqt8IK8osBKMsYiUaoxpl9YMa28D3RS/UVDyeTEIWlEI49U2DfI84UY3DmXKEkrRs5Zj1AgeBv1CJy5jDeeqtvr5iH2EmLOUAqpmAUAYAq4HqnrGh5QpkHwRW5I7Lnuj2aCigAUrqd/duh9jCVFUWWHtmQSyoFfxVt+kIMeelSlKc6i97HtgllCmWuh59sFiTUxSkESmO6Irf2fatYg2z4Nw0wNUGx8IueWQINJT9gJ0jz9mtxEM5bXgrOOA7otRkdo4Bc6+aZspC1pmrm3gk1tTU05Q1wnkvh5q5pcw0OgJtfcDoTyrXlGFmYYgpK9Y9J+s3buFoYyMe0hg8o5fVZB6LgU1HMGnZGtDTYnyUZRWW9abmt4/pFMzAuAAheysz1VVVKfipQ13Dqh1i/KbzSIchIfV8pIUAEngDuFa2ytY76cefPJUdHON2lD7xeHaMZba21p6S0VZhEsMSwABuaXoeN76wp2lj1nugLBECKCcrGhvXojXWlo0XkbhvNbSMqe3py3CuwBoRQ5ulYMArivwMKfKHDyRjHyzU82wDF0AajAUIC1FyaMRzg3lYQYvD/vMqnNWgBAIDc6G43R9G8lMCkiS859EQkGmrEG3XvjOyNhMDIm2ZppboV9EUGTncZieGZRG22ywWUmGC5TLas29RmoGQV36g9QNaaRWrHzYbIn4iazFcuY5jmPog6aeA5RbtXZcuUhcO1TYaUNbdeld8brAYbLhzN3zOkOo9FKfygN2mM5t3Z3nAOlQAg0pru1rb0oJWsSwOCCS0NOkwDMaUPSvSm4AEWirHSVyPmAICk093jGmpLdFcKKMqnwFfGohRj0WZLeUEK9NQXtwzZQOViT+IcYEz3kpgg7u5FQilhX2jQL8YezJYifk9Ll4djLNW870QTSxAZh3mg66Qwx8xJaFioNATQb6XhvYJdo7QlSXVJiOwMtTRSOYINdR8zxgnH4VRkKigKBqcKk0HYKQFt+Us6aZjoFNAMqnorS9Odybw9kbQSagBCq0vobrgUKnvLDsi1AtlSAPOEioEsmnd8oWbLxEufmCSyrKpYsTraghu+1hL85LRUIdCGY+rSgoBvJzG/4YWbFmrhXaYksMCpBUk3AvQE6GJPEQwv2lIVsXRkF5atrZjkBzct47KxpfOS8mYFaUqOPdxhNjJwmus7KFOTIoB0VBkvxJqSevlCkpMhRlKqKpUDt3RdiQZ8tZwFGAyTB7LLaB0mUgnCzWRzMQA5rMh0cfBhuPZwIqkJLhlyuNNDvERmYceiwtqDzGhB1BgmdhQQZsk1T1l9eWeBHCIS5oIof1gQrCTJRGXGVMv7xUDm25hUBf4wCOIG/MjBYcs4z9Es2U9IZVF1HSALHnSNBQpvqv1rC7auxFfpShQ0rl0/Kd38JtwpEiGZhspbK4YCpHGg16oL2ftQix6SkUKnePq8NdhpLLiWxzMVKDOOkCVoFFbrRt3PhGRViD7xEj7GSgvSXpIdD8Dz9+uhEdhcQQa/X1v74qwGOouVhVG1HxHA/V4niJeQ2NVN1PEfA27KcjCD0ouJWxyzVFiPWG8czv5gxlcZs10VmbUN/c+6G+AmsCGBCgHU8RwG/5dUO9qos1AykE0o4IoTxFa8NCRF0nzxWpB8k1EBTJZUkEEEbjrF2DehpxgIpjQhh9cYapPDAHvFYVhdR3RPCTKWiQ/LfnHuU/QjwEEVjswgKnBTVJmTXYDMSq8TvNBzt3Q62X5PzJzCZMQpKW4VrPMpfTULvJO68avDYHDSLy5aK3tACvebxVjNoVVqb1mDtKOPjG8xlnMFnnzC5JykUpuWWCcopuzNVv5SY1AkhJY3UFK9UK/JJkErM24qevor8awb5TbbM4gUANKW4ceuNSK1i9tbRPnUmV6SvnBpuqAe+nhA+1ss7FKVaqO+VWPo5ajjoBUxDaaI72ZRksc2bKa3N1qYXz3CtQUootlaoNSbgm9CDprWumgzZij6lsZ5GHczg3nfMyyVNKL0AXmPT1QWJpvsu+ggJxMeUC5/ez2zMeDz2AUfygqP5YRbAlTZstJYz5J8wecpmyiXL6VDuvSl9Y2mz5fnMbLG4F5nYgyDxmL+WMXtqCPKFBLlpLUUAvTgF6K/HujMvLzWYWjVeUPSnEblUL4ZvjGd2jKbIcutCewa05wQgZAllxLWo19Y5QdaUr1wZ9lC1Apx7dK+A7ozmNnCUla5XNgRWo40pv+cLJLPMP+IAf+pMoT2E1jWM6174VTc0J6oq+wJwHcIp2NImIpDsG3ihJ7qi46oZqIkBmYRecCtg15+ENnEDOIUCGEGvyiExB7XugmdMyqzcLKN7MdABvNqxk2RydPEfRhgPUlAsALkmg0uTaGWO2R5psrHdZhYHjusR8j1ZrZaZZqMSRQ7hccKdtNLx9HRRiJL56FpctnqPWKqShHXv/WM2mMmcIvFvD5RZLwwG8+Hyi0oQeoxYixJ32dlYTJbUcWNrMODDePEe+DyEnAtLGSYt3lnUc19pT9XqILlCkRxckNlIqritHGoPxHLfEiuVNIND21g1SCLddOH19UsI9ek05JlEn0s2iTAN458RqO4kAu8t6MCCPrtiS7E4ITCGByutMrjW2gI3jxG6Mvt3DMJjsUyFukVBqpJ9JlO9Cb8RWh0vtJVJgqvpcPa6uB5f2iEySkxSkwVFeplOlQdx+jAXzyRNymHWz2zkSywCEjMxvkratN53U38hUGrbGw3ktxUnosBZt9Pwv+Hfu4QuwmIKHlvHhCGl8oNhzMPMI1SgyNWocbjWF+AxTKdTc0HXwHExq9niZi5Kya0CWDEFmNbhaasb1yLTizLYFbi8cmGbzclULAUeaekSd4sKHdpUXtDOVeFszYf2mqmXMWZSx82ajXUagVB14GMhtDZ8yQxV1oVNKggivWNNDY3jbYfb2JosxrKtKsVK1A11LMzU74M8sZZxMpZjqwcClWV1qPwuVym9DQkA8dDFg1gVeoEeKekDxgRXKkjnF6zyOHbATRCBv57osryhYu0CNQGF+VDxqOEU/tKZx8B8osTfJjywvrFWKxVFtu/sfAmBkeUuswdgrEMTtCUFIC1qCL6Xj1rMT2XNKyxTQgjqKE18HWAtobRCghTc6mA8BjQuaVMqUY1DDUEaEc76b4W7RUq5WuZdzCtCOqDcOfVaz2Vy1K30PK8O38pVF5eGkI3tCWpbvINOyM+07pZqampHXF4MokWcchQ9xjJbnyN2hOntNmzHYqihFG7M5uQOIA/qja+SUnNOmvuVZaDrJZ38MkZXyWwwl4NCAR5x3c5tbEoK9ig9sO9n455IdVFVmPnJBo3oqlL2I6I4Ri9lfjXzTHJ9pvfCramJEsF6EhV3bsxpXqFKw9TGy3s1K6UYUPYd/YTCHyvVUkzaaNLCgc81D/7L3wRBNiSpP2iSWCTC0p3UtdAylQBQ7lq1QdStToAK8L5ZzHxK4bEYWUys2Rk83da2NjuGu614z+K2HiJTpMktVgK0BAKsRRqAmhBvDdNsY1l/wZaMRQvWm6mlTHP/AF/nbdzfnPVb8fKZixZaSsROlSz0FmMFFa5fWW/EAgVgjEuy6EdwhRg8E8oO7Pnmvevqg3v469VBFS4SafSxDk8qR0eMsk2sWjHnud8UtObe0VHZzH/Ofwjw7IJ/zX7xGwpacXnSZbEhGYhjoSLErXcGoAeI5RLG4jENOcJKRekVCKHNMoBAA1oFpuiX7NBTIzEsDVXNKg8D9b72iicmIBsyPzNjbS/6wJfhMXOExBMlIwJClWDrXMDah3UBhz5B7RMz7TLNTllvQnXKSKA8SKm+/vjOsJ7KRVF4lSS99aE6Vhx5FTUkjEE2AlgAbyS1KdZNIvLpRed/WYmICzvy7j84tV25dx+cODRSCLJgsOv3iKEmNy7j84MwihmUMaCu60WHVU3CrMTKw5gjUHcQRoYEnKwKysQKMQTLelM4GvaN47RwGyUSpXsg97HqFyeyM1jZYmM6zVOSYT+8oAUOZijcRQFRU6UgRQqNLah7OBENJWWaPSyuNGOh5NxH4tRzhVgZxbNJnXZSQH40+P11yq0tqdx4xWI6lorBpc1BWlGRtKbjzG8MOsRkfKTycaSQ6Gssmgc+qTorn3Pv0Ma/Dv56XlH+IgLSzxpdpfNWFacGpxMMMA6TZdGAZHWjKdCDqOv3RnovnGD280qktSwQVDUszXuKn0QTu76wTjistVmTGGZ7oiXAHWfSPEm3CBPKbYzYaayElgAGRj68s2BP4l9E9XKBtm42WkyW81M6KaFTwv7ia0/CI2DDZe1lzgODfQvcd+6Pp+y8YJssy2uCKEfCkfK/KHAKrZ0IZG6SkaEHSGvkht8h1lzD0vVJ9bkecYvPJZ/yl2S2GxDyz6JJZDxUm3aNOyFDNH13y22R9pw/nEFXSrLTUj1l7R4gR8hMalC+VNZaZTTfy7jaLv2lMFqj8qf7YGKkAGlj8IrhVhi5ca5j1X+MU/ajoB3wXJnhjowPO47SPlFlVY6Kaata3IRs+wJ5bNSgqdT/AGi2UZqqTlqo9ocOuJ42QDQizaWJ8a6QOquCAWahIFAa1roKG3CC8C8mMjaLIAGkKQdAV10Fu8d8WNjMO13kFTxUEQqTFzAc2Y9E8rV4fpBWPmEykzOC7EkqF9ECoFWrcm9qWEGh9E2O4+yy8tctCVrrl0HuMHTOjMaW3RdbFTY9Y9ocxWAvJiXWRhV4oo/MxI8CI1n/ABNkSyJTFRmL5cwsaEV1jDRGAL1ijE4WW4CsCQNACQB2A0hWk+ZLsGzrwbX82vvhjKn51rpxH1rEg5wEser4n5xBsDL4eJgto8CwIGcHLG7xPziIwic++CGMRJMKDtJUcYGxE1VtqeFovxLkCo10HXpCjFIxDUrlBys1aFm3gHcBoSN4I3RqfoRnY2hvkXrYV90eria3oCOKkH4e6sCbTwktchlqAjqDXU5haYGJG5geFivGK52HEtlEsZXy1e9qm4Uim5StdbsRS0PANM45HujgoieEwvnJPnlFgcjj2WFB8R3jhEAIiulrzPeYlTritWi9FqpJ3EDvr8ok5Pq8FSlH0TAiwbJEFQuUnAfXxi18Sq0DG59WlSa8oVvimY0U5Ry1Pbu7IYeTIVcbIWlQRMYjmFsedLxmom8pNkzJEwTQuWtCy71qKiCsCExOGcr6agsONV1HUR8I2XlPh1MwhqFXlivew91I+feRhyT50o+q5Hi0s/8AqId4WcrNk4opMVxqrBu68P8AZ6BJk6WLBJjZf4WNV8DGcw0ujdRI7rRoDUTww0eTLbtl1lntrLJipd5bYDzuE86Fq8g5utGs69WnjHyadLyllBqNQeINwe0ER9zkAPLdDo0thTsr8I+SYbC5pySXFFYBWJAqAWZQ4PBVKt1JyinQoTB485PNtdd34a/CKfszE9EHr0A7eMVTZTS5jIwoykgrSoBFjbeIe+ceZhpbKRmFUav4a38REm28ltrMZGWcpZhaqUNabyDSh6qxltq+SheczymCIxqFYGoJ103VgbYuzmmMVabQ/wANfiIcP5Mt99/Qf90GYSed5JzDTprQCgFDFX/KMz7xfytDhvJx/vv6T/uiP/Lz/feB+cKu3shmiUjODNckEUXIVQ6+lvG4i3vhpsLFOgr5vEMtKUyJlJ3mpp3VOphJkVxQI5YcWFhYC+TTS1tYFxE6YrFTMJpvBtxhwNJ5R7VmZZa+aZBUuQ4FGy0pZSbVI130i/G4KVLwpJVWcIoqQp6TALXvMY5p7nVie364RY2KmMCC7sNSCxI7osS58CxUMoFDqL1FLG28eMVzVUS1pclmNaUtQCGuCKgIfOopUMblSKsa0IO7TugDGTlmuzdFBfoioWtT6I3CmW3KHMGvpvk9ZcIOWH8cnzhl/wARZ5PmSfvB7v0hfgAEeSu5TKH5cg+EXf8AEU1lIf8Aqbv4W+UYnbRS61gjAaMOcDkwRgmuRyhAmkeV3xzRAwJGYLxW0WTNYpcwoNiHpQ8GHuYe8iAcXPlsqKgpWWQb6zA7l+8se+D58sMCDGexKMjGu817R6yncaajlDE5nyqtbguHAtotif5jan4DFboRmYmrGrV4s9fN9pNX6gIqnzFNNQQcx6J13aClNe+CZag0yDeTVgQoJ30N2sAAKdorGsDYbDmy1w+NIFFd5WVdaOVUtTsZT2X0hKUiMl8qBKnKCSa6szXLHmST39gtjJVBIIUUQc2PgB84rrFr+io5E95Py90SRUXguWaAmBEi+tEPVElEkRZhMRlxsog0IR9OYYRBDAMzEZMWja5Urw3sPj4xJvts4vzglsPuyO4n5xgcA/m9qzRuaZMP5mDjwJjSYeeHUEcGFNaXqB4xjdqTMm0c/Fpf9ctB/qgztafPLpMccHb3kw2wxqAIX4//ABnPtUb8wEF4N4ke7PNwOPR/MKfGPknmwuKK6DzhRt3RmVRurok9UfU5EyhB5g914+aeVmZMVMGY5VmVAJ0BJbfuqYZ0qA8pATODkUMxVdv4mFWHYTSLNhzv3cxDoKOB4N8Ij5SzMzod2VqaaecmU67UvyED7Eek1RuYFT2io8QIKoOwW1GlzA0tCx5g08LxoX2xivuP/HM+cJJnRYHhGpw22ZeQVmLWnOFFjbYxO+UP+3M+cQ/bGI+6H5H+cNX2vL+8Xvir9pyvvF74MqKvJ95YGJykETBlFLZV6T0pu0HdGYOIVSRkBoSIO8np2SaFvcgdpzL/AKoF+yZnpQszHooNW7t1a9x0pGgHfEK2qeP6RDzgBOWwIoRr9aCNlI8m3RQZkwpX1ZdKjranuHaYp2ns2UZT0mq7IpYZsvnFy9I3XVKVWhGrKeMSY+sWYdMzoOLAd5pE/spoDUXAO/Q24cajsgrZ+HJxCBAzZWVtKEhSCaDwHXAX0YTOkp/EnvWL/LF8+GXlMBI5FWHxgcSmZKpSvRIryoRCfFz5hJSYDzU/XjF4zVaElbRddbjxhjg9roDU2tCqbLoeI3RTlEWJpv2zL4xE7Xle1GZYRWRFial9pJrmAG6u/wAYg20Zftr9dsZ17oORI/MAR7jFDdcWJpTj5f3ifXbFUzFyiKGYhHAi3vjPoi1uaC+g7osOFFC24ANzoSAPeO+EGJ+ze2o6sw+MTTESF0mL3NXvhWcKlAQx4GtLHf2UI8YguHQsAcwFbkUNt5HGJHH26T96PytEhtGV95/S0JmwqZc3SFFLajUnKu7iVryrAcSaM7Tle2fyn5R7O2pLDUYtVaDTl/aM9Il5nVeLAd5pEcQ+d2Yb2J7zWJNB+2pY3Mez9Yi+35ZBGRu4D4xnM0dWImmI2zMayjKO898V7LYtMJJJOXU3uSKQJIllzlUX93Mxo8Bs6llFTvPx5RSDTrZwKp11+EZLyolkz3ZdQkp68KS0H+iNrhcGVWlanhw+qCMvtlx9qmoCD+4Ra7qqAD7z3RTmr/Bs3GB8jj1pawbhMUOMYvY+KOUId1adRhwjxrx8dgt5a4YsRivLY1xEw8QB25h8IZyJ1xffCPyjxOZ1HE5u+/yivjilLttChlDhKXxZm+MBYZ8rq3Bge4wbtv8AxAKkgIlK1tVQd+gvW1rwtDUjF7MaDaWEq5YscppQQx2Js2U6muao5/pAGJxA80j61AHaLfCK9nbQmK1EQ35ExTotA+xJPF+8fKKv2PK9p+8fKBXx8/2D+QxV9unez/SYRpbgZXRlgdJnerfhAORe8se8RqvISTJZJ2IdgJoNlJAyywNV4moIPJRzjG+dQFKMwKgUtRcwuOdK7+cEJjB5sKKgqSVdTdVPpIy6Mlbg7ri4NiFoZzTcbMKoxSVXqBGlW5cBFW1tmS8NLmebLM4TKXNaEMwUgDhfXlC6TtbFhcqzSFI1FNORpSIYjOZL1qWd5a1P4i5oOVV0jVnDMLRhzSm6gNfH3w58mZYXECjhj0bgEUvxPVCzaU0AZQev5Qx2JKEopMYnM9yNwAI7a3EVhE4DbsyUxU9NAT0TqL7jGmkY6RiVoaV4GzDqMYnH4VpbEkVUklWGhB0vxgdHvY0gxa2OL2Uy1KdNeHrd2/s7oRzkp1RPBeUMyXQN015698OF2jh546VFbnY9+/thRCTEG64atsuWT0Zo7gfjHDY4+8X8v6wLSyWKhxyr3H5EwOwh2uxiNJg7u/fEW2O33i/lhRGYKfErkK0NSqr+XL/tg87Gb21/LEG2M33i/liRas1aAEGt9/dE0xarSimouOuD/wBin7wfl/WO/Yp+8H5B84UWTcWpVlo1SqrW3qlT/pgUNDs7FG+Z3KB8YkNjr94f6RAivBtQs/sKx7aZV8SIDrSNA2yJZ1mMf5h8o5dl4cbyf5vlFiZ0mL8NhWmNRRf3Q+GDw49Wva3zg/AGWvRQUHIRetGq9nbMCCh/U/KHssog4chrC+fillqWJCqNSdfrqhRtLa7JLExFFPOZCGrU0GaoobVjXr9G/GjxGLJFBZeA39Z3xi9rYgJiq0qGQD3/ACho+01MsPUBSK1J8Outoym1MSJkzMulAAdNL9msF46Me4ToNQw0l4gHfCmXOzdEqS3IfVIPw2z3NwKDmYpSYGdRWbgPfCLETzMmg0pyEOn2dNoVzIAdb3+MBLs2ZLYzGUOi3bKQ1FBvUagUFK0peLyokAbYb983LKv5VCn3QGBfSJzJmdyzWzEk8q3iyalbgVAABI0rfn8oxeSbbMbNKIscrV7x+hiWHmFXBhbhJ7ywQKdIX6q/38YhOnNvMUirZvjFp6Q7xFJxY9pfzCMcr6dVe2vyjzzh4nvMPCRWh9JqU5VMFvi8yLLVFGUkhvXvqC2mXfSAZi0JB3QThZCNrMCngQffpAU5GMaW1VHWNx7NxhjKxjTpcyWQuZgHTKDXMhFuvLnpzhftNJYYebKlcu41vz5wJJmFWDAkEEGo1i1Yi7VMM5M1nl5szM0saGlApN6HU7q1jpktJvTHQY6giiMd9KadWnVFmykeVMJZCVYFTlo1j1Vi5S7DbWKgjjqpup7IAxU+h6NL35CJ4vBMHOTpKbjcRyvFQwEw3NB1mNboRl4knWnYDE/tA3g+Ed9nUelMXsv7qxE+aG926hT3mLlPVnLxi0TRlzZrcK37ooRpWYHK1OZWndSCftEr2DaGDFYxo9o+MSGOHtnxia4uXul+MeTcTLKn93u4xb+l6MaPbPjHoxo9o+MBVl+yw6m+YiQRDo5H8SfEV90G0YNGPHtHxjz9oLxaAxIN6FG6ite5qGPHRhqjD+UU90PtVhxOmZCK3UioYEFadda9lIHXaK8/D5wq899UX5R6swaf7YvZYaDaYv0TbnEX2pTRf6v0gBez+iI+dU//AJWL2qw8bFUlCZa7Up2A68b+BimXtplAoFBN/Ej4QLgsagRpUwEoxqCKZkYVoRx18YkkqR/8gj/67w78WIT8ezK1TXMRW+5RoO+HE5c+ALH0hNQ10pmDqd3V3QtlYTDkkmeDrqCOPD6vF5xKIPM+cLS84J6NiBXiN1a7oOZ2CRpbcDTUdsWSFBqpW5stNc24fCNN5rDiYJVBfKMyotQdRbNw1NeyFc0yEfOkwsdQMtKd1tYPU6YTJkuQgRVqyjpvcs54D2UHz6oWPtuYbIoUchUxU2MTK1FObcwJGW/I0NeY7oDbGOfWPeYtzpYPbHTzQF2BYgACnu7ojh9our3c2NmBuD18IELlAST02HcDr2n3dcCwWnD/AGvhA6mcqhWWnnVFheyzFGgVjYjc1KWagVYOdlY1rlYUbq404g3hhsraGWlRWgKlTo6NZ0PZpw7oF2nhPNN0SWRrox3rwPBhoR8CIyXtUp/iAdj/ACipwh/zPBvlAdY6sOjBXmqGtaA2Brbwi+Zs9waNbhfUbiOUBJMYaEiJGaxvUxalzrmTOPSWgbmPVb4Hs4wKNI8joqnKImi1MdHQUmMvOFym6nUW+UAzJxqaWHAE0EdHQRJSppNQXYcLmnVyjjOGhUHrrX3mOjo2njKpFVqDw3d8UER0dBUMwmGzCvjBK4AUPSN+rdHR0MZoGfKK0BBGuopXhFOYx5HQXswVLxzqoUNYVoKA63Ooif7WnfeHuHyjo6EqHml2LNVid8eS2YaFh1GkdHRBb56ZzPWK+8RamIm0K9K9PVO7q0jo6DS5Wme0/c5i5wrUDrlsAGVSLj2l3g8RcR0dDqQbCopoxAPXY8wd4iKSpYr0lNdNLR0dFQ8VUDA1qK7vdB88K0xB6AagqbgbhXlpHR0bgpfj1dWoagGvGhynKSONxXtgLKeBjo6PJpYklzYA0idAvAtuAuBzJ3nlHR0KRlSWepoTfXmYYS9nPvCAeMdHRqSYKlPwiqpN6/hpHbPxSsvmpnok1B3q3Ee4jeI6OiS2bslkIICuvETFv1qaMp7IrOCBNkPUJkvdbn749joCg2AI/wAtv+4kR+xH2P8AyJHR0ET/2Q=="
performance,ACTIVE CYLINDER TECHNOLOGY,Get maximum power while keeping fuel consumption in check with Active Cylinder Technology on the 1.5L TSI EVO engine.,https://assets.volkswagen.com/is/image/volkswagenag/volkswagen-virtus-1-5l-tsi-evo-1?Zml0PWNyb3AsMSZmbXQ9d2VicCZxbHQ9Nzkmd2lkPTEyODAmaGVpPTk2MCZhbGlnbj0wLjAwLDAuMDAmYmZjPW9mZiY0OTgw
performance,7-SPEED DSG,Seamless gear changes = a smoother driving experience with the 7-speed DSG in the Virtus.,https://assets.volkswagen.com/is/image/volkswagenag/volkswagen-virtus-7-speed-dsg?Zml0PWNyb3AsMSZmbXQ9d2VicCZxbHQ9Nzkmd2lkPTEyODAmaGVpPTk2MCZhbGlnbj0wLjAwLDAuMDAmYmZjPW9mZiY0OTgw
performance,MULTI DRIVE MODES,"Drive according to your mood by switching to Eco, City and Sport modes.",https://cdn-ds.com/blogs-media/sites/682/2022/06/18165240/Volkswagen-Driving-Modes-e5-A_o.jpg